Gene1,Gene2,PartialCor
ABCF2,ANKRD30B,-0.12068
ABCF2,C12orf43,0.18311
ABCF2,CCNB1IP1,0.12217
ABCF2,ISG20L2,0.11852
ABCF2,LOC729603,0.15809
ABCF2,POLR3A,0.27572
ABCF2,RINL,0.08061
ABCF2,RSU1,0.17912
ACBD5,AFMID,-0.15009
ACBD5,AIRE,0.0358
ACBD5,AKR1D1,0.16503
ACBD5,ANKRD30B,0.06368
ACBD5,C21orf55,0.12559
ACBD5,CD68,-0.09565
ACBD5,CDKN2AIPNL,-0.15667
ACBD5,CHST12,-0.05795
ACBD5,COX16,0.09993
ACBD5,COX6A1,-0.05451
ACBD5,DCLRE1C,-0.06462
ACBD5,DSN1,-0.08223
ACBD5,FAM115A,-0.09417
ACBD5,FKBP1P1,0.06757
ACBD5,HSD17B7,-0.0508
ACBD5,IMPACT,0.1876
ACBD5,LOC100134229,0.16974
ACBD5,LOC100190938,-0.07165
ACBD5,LOC729603,-0.13811
ACBD5,LRAP,-0.04956
ACBD5,MRP63,-0.03612
ACBD5,NDUFC2,0.29923
ACBD5,POFUT1,-0.19574
ACBD5,PPFIBP1,0.10717
ACBD5,RRP7B,-0.06971
ACBD5,SLC30A6,0.19277
ACBD5,SNX15,0.14609
ACBD5,TNFRSF10B,0.1413
ACBD5,TRIM16L,0.20638
ACBD5,TRIM34,0.09153
ACBD5,ZNF765,0.11905
ADAMTS4,AFMID,-2e-05
ADAMTS4,BIRC3,-0.0595
ADAMTS4,C1orf151,0.16714
ADAMTS4,COX16,0.14372
ADAMTS4,CREB1,0.02905
ADAMTS4,FDXACB1,0.25419
ADAMTS4,LOC641522,0.23454
ADAMTS4,MCF2L2,0.07137
ADAMTS4,PPFIBP1,0.33869
ADAMTS4,TBCCD1,0.29817
ADAMTS4,ZC3HAV1L,0.19176
ADAMTS4,ZNF765,0.2782
AFMID,AMFR,-0.06363
AFMID,ANKRD30B,0.0357
AFMID,BMS1P5,-0.05082
AFMID,C19orf31,0.0041
AFMID,C5orf28,0.06738
AFMID,CAPS2,0.01851
AFMID,CPPED1,0.09353
AFMID,GIMAP1,0.03628
AFMID,HCG2P7,-0.07299
AFMID,KCNH6,-0.12684
AFMID,LOC100128288,-0.06692
AFMID,LOC441087,-0.06404
AFMID,LYZ,0.49374
AFMID,NDUFV3,0.25641
AFMID,PPID,0.0955
AFMID,RAG1AP1,-0.13894
AFMID,SNHG10,0.08106
AFMID,TP53BP2,0.33453
AFMID,ZNF131,0.1235
AFMID,ZNF682,-0.10538
AFTPH,C19orf31,0.07118
AFTPH,C4orf34,0.13835
AFTPH,GLTSCR1,0.16331
AFTPH,GSDM1,0.07832
AFTPH,ISG20L2,0.11028
AFTPH,KLHL8,0.23786
AFTPH,LOC284821,3e-05
AFTPH,MTMR12,0.19322
AFTPH,STAG3L3,-0.11597
AFTPH,TRIM56,0.1923
AFTPH,YEATS4,-0.07069
AFTPH,ZNF669,-0.15716
AGTRAP,DDX19A,0.15482
AGTRAP,HNRPR,-0.09974
AGTRAP,IER3,0.15903
AGTRAP,JARID2,-0.24967
AGTRAP,KCNMB4,-0.10744
AGTRAP,SLC3A2,0.18636
AGTRAP,SMC4,-0.12476
AGTRAP,SNX17,0.09088
AGTRAP,SSSCA1,0.17438
AGTRAP,TMBIM4,0.15287
AGTRAP,VHL,-0.10214
AIRE,BCYRN1,-0.06876
AIRE,CATSPER2,0.10418
AIRE,CCR6,-0.11013
AIRE,CDAN1,0.20716
AIRE,CHRNA5,-0.09375
AIRE,DDX51,0.12014
AIRE,FAM177A1,0.1106
AIRE,FARSLB,0.12617
AIRE,FLJ38717,-0.07952
AIRE,HCG2P7,0.26635
AIRE,HIATL2,-0.1221
AIRE,LILRB3,0.40611
AIRE,LOC100132727,0.06164
AIRE,LOC653086,0.22806
AIRE,LOC729603,0.04976
AIRE,MINK1,0.14266
AIRE,NOD1,-0.08379
AIRE,PNPT1,0.24125
AIRE,RPL7L1,0.10434
AIRE,SSSCA1,-0.03315
AIRE,YEATS4,-0.05011
AIRE,ZNF682,-0.02722
AKR1D1,CDAN1,0.18509
AKR1D1,CYP27A1,-0.07832
AKR1D1,GLIPR1,-0.11125
AKR1D1,LOC729603,0.49285
AKR1D1,MTMR12,-0.11828
AKR1D1,SLAMF7,0.16397
AKR1D1,TNFSF14,0.2994
ALPP,AMFR,-0.14948
ALPP,AMOTL2,0.03707
ALPP,C15orf63,0.2064
ALPP,LOC646996,0.37814
ALPP,ZNF738,0.45568
AMFR,BATF3,-0.19725
AMFR,NLRP3,0.09834
AMFR,PHF1,-0.11198
AMFR,PHRF1,-0.13858
AMFR,SGK3,0.14124
AMFR,TIPRL,-0.19898
AMOTL2,ZNF557,0.29886
ANAPC5,CCNB1IP1,0.13801
ANAPC5,CEACAM1,-0.17264
ANAPC5,DDX19A,0.1644
ANAPC5,EVI5L,0.1325
ANAPC5,HIST1H2BD,-0.10637
ANAPC5,LOC284821,-0.15339
ANAPC5,NFIL3,-0.06568
ANAPC5,PRPF8,0.17726
ANAPC5,SNX17,0.17395
ANAPC5,TNK2,0.08858
ANKRD30B,BLZF1,0.14463
ANKRD30B,LOC100132727,0.28281
ANKRD30B,LOC653086,0.27374
ANKRD30B,PTPLAD2,0.21254
APOBEC3D,CEACAM1,0.19795
APOBEC3D,CHST12,0.22488
APOBEC3D,POLR3A,0.13803
APOBEC3D,SLAMF7,-0.20021
ARSG,CYP27A1,-0.16376
ARSG,IL32,0.11328
ARSG,MINK1,0.14366
ARSG,NCAPD2,0.15909
ARSG,NT5DC3,0.33824
ARSG,SORL1,0.14013
ARSG,STK24,0.14572
B3GNT5,BATF3,-0.10055
B3GNT5,BLZF1,0.06785
B3GNT5,C1QA,-0.16054
B3GNT5,CD72,-0.09827
B3GNT5,CHST12,-0.1628
B3GNT5,CPPED1,0.10738
B3GNT5,EPSTI1,0.13969
B3GNT5,FCGR3A,0.13502
B3GNT5,ICMT,-0.12875
B3GNT5,KLHL8,-0.10405
B3GNT5,LGALS3,0.18701
B3GNT5,LOC100128460,-0.07896
B3GNT5,TIPRL,0.15682
B3GNT5,TLK1,0.16616
BATF3,BTBD2,-0.14686
BATF3,COX6A1,0.14266
BATF3,CYP27A1,-0.23296
BATF3,IL10,-0.17034
BATF3,IL32,0.22674
BATF3,LOC729603,0.16645
BATF3,PCYOX1,-0.11343
BATF3,RELB,0.16683
BATF3,SNX17,0.18827
BATF3,STK24,-0.17003
BATF3,UBE2E2,0.10994
BCAS4,LGMN,0.23236
BCAS4,LOC653086,0.04131
BCAS4,PIGW,0.13933
BCAS4,PODXL,0.21269
BCAS4,RUNDC2B,0.31357
BCAS4,TTC21B,0.18914
BCYRN1,BLZF1,0.21839
BCYRN1,LOC644852,0.19509
BCYRN1,ZNF786,0.29882
BFAR,C12orf43,0.13117
BFAR,COX6A1,-0.11638
BFAR,FAM153B,-0.12301
BFAR,HSBP1,-0.1348
BFAR,ISG20L2,0.14591
BFAR,LOC100130229,0.16842
BFAR,MEFV,-0.19838
BFAR,NCAPD2,0.12658
BFAR,SMAP1,0.22599
BFAR,TMEM159,-0.14722
BIRC3,COPZ1,-0.16356
BIRC3,ICMT,-0.18195
BIRC3,IER3,0.17044
BIRC3,IL32,0.19251
BIRC3,JARID2,-0.17253
BIRC3,PION,0.1681
BIRC3,RELB,0.2207
BIRC3,SLAMF7,0.19648
BIRC3,SNX15,-0.13455
BIRC3,TNFRSF10B,0.14499
BIRC3,ZYX,-0.09507
BLZF1,BMS1P5,0.14006
BLZF1,C21orf55,0.11482
BLZF1,CCDC125,0.59244
BLZF1,CREB1,-0.14524
BLZF1,ZNF14,0.21444
BMS1P5,C15orf63,0.16937
BMS1P5,C3orf34,0.30779
BMS1P5,LOC100128288,0.34376
BTBD2,CD72,0.11416
BTBD2,CHST12,0.23414
BTBD2,IMPDH1,0.28631
BTBD2,LOC284821,0.1924
BTBD2,MAFF,-0.15916
BTBD2,SGK3,-0.16876
BTBD2,TRIM56,-0.11831
BTBD2,WNT5A,-0.12227
BTBD2,ZNF777,0.10671
C11orf63,C6orf170,0.2352
C11orf63,GCLM,0.33882
C11orf63,GDPD1,0.16935
C11orf63,LOC100130276,0.36436
C11orf63,TNFSF15,0.26207
C12orf43,CPPED1,0.1185
C12orf43,GALNT6,0.12723
C12orf43,IL12RB1,0.24512
C12orf43,IMPDH1,-0.22879
C12orf43,ISG20L2,0.14284
C12orf43,LOC401357,-0.10458
C12orf43,NFIL3,-0.11347
C12orf43,STK24,-0.14166
C12orf43,TRIM56,0.26763
C15orf63,C19orf12,-0.05216
C15orf63,C21orf24,0.46658
C15orf63,TMEM17,0.51637
C19orf12,C1orf210,0.09038
C19orf12,LOC100132540,0.4902
C19orf12,PPIL3,0.18412
C19orf12,TPM3,0.45185
C19orf12,ZNF682,0.03089
C19orf31,CAPS2,0.22495
C19orf31,CCNB1IP1,-0.04632
C19orf31,FAM177A1,0.26387
C19orf31,ITIH5,0.26099
C19orf31,NOD1,0.19248
C19orf31,PCDHB9,-0.06562
C19orf31,PRPF8,0.14699
C19orf31,RN7SL1,0.09192
C19orf31,TMBIM4,-0.15237
C1orf151,C1orf210,0.3941
C1orf210,COX16,0.23853
C1orf210,DLEU2,0.11348
C1orf210,FDXACB1,0.2572
C1QA,CBR3,0.24755
C1QA,SLC3A2,-0.10644
C1QA,SNORD3D,-0.05072
C21orf24,C21orf55,0.03159
C21orf55,C5orf28,0.05985
C21orf55,CDAN1,0.25452
C21orf55,CHRNA5,-0.04997
C21orf55,DAPP1,0.12902
C21orf55,FARSLB,0.14065
C21orf55,GABPB2,0.21644
C21orf55,IL18,0.19363
C21orf55,PDE4C,0.30001
C3orf34,C6orf170,0.04738
C3orf34,C8orf45,0.08775
C3orf34,CATSPER2,0.12598
C3orf34,CDAN1,-0.03501
C3orf34,CHRNA5,0.15157
C3orf34,DUSP19,0.2635
C3orf34,LRRFIP1,0.27125
C3orf34,ZMAT3,0.24366
C3orf34,ZNF430,-0.05
C4orf34,DENND4C,0.18819
C4orf34,GNB4,0.15069
C4orf34,IL32,-0.18898
C4orf34,KLHL8,0.11177
C4orf34,PCYOX1,0.20611
C4orf34,PION,-0.08672
C4orf34,SORL1,0.26033
C4orf34,VPS41,0.10965
C4orf34,ZNF845,0.19401
C5orf28,C6orf170,0.19993
C5orf28,C8orf45,0.17017
C5orf28,CRCP,0.33178
C6orf170,FAM153B,0.18768
C6orf170,PCDHB9,0.36202
C6orf61,DDX19A,0.0659
C6orf61,DLEU2,-0.08123
C6orf61,GIMAP1,-0.18392
C6orf61,ZNF701,0.22591
C6orf61,ZNF763,0.21901
C6orf61,ZNF777,-0.11893
C8orf45,C9orf80,0.39061
C8orf45,CATSPER2,0.11485
C9orf80,CCDC125,0.11672
C9orf80,CCR6,0.14621
C9orf80,CRCP,0.2187
C9orf80,CREB1,-0.06682
C9orf80,ZNF430,0.35938
CAPS2,DDX19A,0.14974
CAPS2,EPSTI1,-0.09375
CAPS2,FOXD4L4,0.14734
CAPS2,SC4MOL,0.04923
CAPS2,TNFSF14,0.21527
CATSPER2,CCBE1,0.49915
CBR3,COX6A1,0.1578
CBR3,JARID2,-0.11092
CCBE1,CCDC125,0.07009
CCBE1,CDKN2AIPNL,0.34223
CCBE1,CREB1,0.17147
CCBE1,FAM115A,-0.11805
CCBE1,LOC729439,-0.05772
CCBE1,ZNF682,0.37241
CCDC125,CCR6,0.11823
CCL20,CYP27A1,-0.08486
CCL20,DOPEY2,-0.2451
CCL20,IER3,0.37008
CCL20,LOC401357,-0.09142
CCL20,LOC440157,0.10661
CCL20,PGA3,-0.35142
CCL20,PRPF8,-0.11408
CCL20,SLAMF6,-0.1555
CCL20,TNFSF14,0.08668
CCL20,ZYX,-0.12461
CCNB1IP1,COX6A1,0.20091
CCNB1IP1,DDX19A,0.16998
CCNB1IP1,GLIPR1,0.19952
CCNB1IP1,RINL,0.16746
CCNB1IP1,SC4MOL,-0.19179
CCNB1IP1,STK24,-0.11027
CCNB1IP1,TLK1,0.15706
CCR6,CDAN1,0.03825
CCR6,FAM115A,0.29089
CCR6,ITIH5,0.38704
CCR6,LOC729439,0.15194
CD68,CD84,0.17077
CD68,CYP27A1,0.15527
CD68,DAPP1,0.2456
CD68,FLJ38717,-0.13609
CD68,NUP107,-0.1673
CD68,RUNDC2B,0.13811
CD68,SNX17,0.15273
CD68,ZYX,0.05741
CD72,CRTC3,-0.1664
CD72,IL12RB1,0.1331
CD72,JARID2,0.09986
CD72,MT1G,0.1295
CD72,NLRP3,0.18236
CD72,NOD1,0.18433
CD72,PRPF8,-0.25657
CD72,SORL1,0.23103
CD84,RAG1AP1,0.21605
CD84,SC4MOL,0.10248
CD84,SLAMF6,0.30856
CDAN1,CDKN2AIPNL,0.17117
CDAN1,COX19,0.09307
CDAN1,CRCP,0.19821
CDK5RAP2,GALNT6,0.12029
CDK5RAP2,HIST1H2BD,0.17167
CDK5RAP2,JARID2,0.11717
CDK5RAP2,PGA3,-0.13071
CDK5RAP2,PHRF1,0.13854
CDK5RAP2,SLC3A2,0.20536
CDKN2AIPNL,CHST12,0.19555
CEACAM1,CYP27A1,-0.16436
CEACAM1,EPSTI1,0.14615
CEACAM1,FCGR3A,0.14299
CEACAM1,FHIT,0.17283
CEACAM1,KCNMB4,0.34422
CEACAM1,MRP63,-0.13573
CEACAM1,MT1G,0.23712
CEACAM1,SLAMF6,0.11447
CEACAM1,ZYX,0.1687
CHRNA5,CPPED1,0.07279
CHRNA5,FAM63A,0.56076
CHRNA5,HSPC268,0.39482
CHRNA5,QRFPR,0.31741
CHRNA5,ZNF69,0.15272
CHST12,COPZ1,-0.15987
CHST12,HSBP1,0.07625
CHST12,PHF1,-0.08669
CHST12,TNK2,0.01049
CHST12,YEATS4,-0.09396
CNN2,IMPDH1,0.17143
CNN2,PHF1,-0.05837
COPZ1,COX19,-0.12356
COPZ1,CRCP,-0.13746
COPZ1,FAM177A1,0.18646
COPZ1,GIMAP1,-0.18603
COPZ1,HIST1H2BD,-0.11824
COPZ1,LOC284821,0.21278
COPZ1,MTMR12,0.24766
COPZ1,NLRP3,0.09837
COPZ1,PRPF8,0.22145
COPZ1,RAB3IP,-0.12012
COPZ1,RAG1AP1,0.07763
COPZ1,TNK2,-0.04956
COPZ1,YEATS4,-0.19178
COPZ1,ZNF845,-0.11242
COX15,COX16,0.2119
COX19,DENND4C,0.20107
COX19,FAM63A,-0.07402
COX19,FLJ38717,0.29976
COX19,HNRPR,0.10046
COX19,LGALS3,-0.07183
COX19,LOC100128460,0.12269
COX19,PHRF1,0.06198
COX19,SLAMF7,-0.21474
COX19,STAG3L3,0.24421
COX6A1,EPSTI1,-0.11515
COX6A1,HSBP1,0.11821
COX6A1,ITIH5,-0.11319
COX6A1,NBPF8,-0.14509
COX6A1,NLRP3,-0.20596
COX6A1,SPC24,0.11448
COX6A1,SSSCA1,0.16735
COX6A1,VHL,-0.14334
COX6A1,ZNF131,-0.17112
CPPED1,DEM1,0.12737
CPPED1,GIMAP1,0.11299
CPPED1,LGALS3,0.15763
CPPED1,NUP107,-0.13635
CPPED1,SLC3A2,-0.12894
CPPED1,SNORD3C,-0.05844
CPPED1,STAG3L3,-0.135
CRCP,DAPP1,0.10578
CRCP,DUXAP3,0.19986
CREB1,DDX51,0.38985
CREB1,DUSP19,0.26784
CREB1,DUXAP3,3e-05
CREB1,EID2B,0.312
CREB1,KLHL28,0.24692
CRTC3,GIMAP1,-0.13732
CRTC3,GLTSCR1,0.22528
CRTC3,SLC3A2,0.2023
CRTC3,STK24,0.20847
CRTC3,TLK1,0.09458
CYP27A1,DOPEY2,0.16401
CYP27A1,GIMAP1,-0.11399
CYP27A1,GLIPR1,-0.23362
CYP27A1,JARID2,-0.16523
CYP27A1,MBOAT2,-0.12167
CYP27A1,PHF1,0.07913
CYP27A1,SLC35E3,0.21826
CYP27A1,SLC3A2,0.17081
CYP27A1,SPINK1,0.11412
DAPP1,FKTN,0.33819
DAPP1,NFIL3,0.11191
DCLRE1C,DDX19A,0.19771
DCLRE1C,RINL,0.32415
DCLRE1C,SMC4,8e-05
DCLRE1C,VHL,0.2273
DDX19A,DENND4C,0.2834
DDX19A,DOPEY2,0.15473
DDX19A,GNB4,0.08364
DDX19A,LEF1,-0.06481
DDX19A,POLR3A,0.26872
DDX51,DEM1,0.34959
DEM1,DUXAP3,0.1303
DEM1,FKBP14,0.42926
DENND4C,KLHL8,0.10853
DENND4C,SLAMF6,0.27524
DENND4C,WNT5A,-0.11795
DLEU2,FLJ40453,0.2201
DLEU2,SC4MOL,0.14839
DLEU2,ZNF763,-0.16413
DOPEY2,DUXAP3,0.0908
DOPEY2,ICMT,0.14895
DOPEY2,THRA,0.12638
DOPEY2,VPS41,0.23304
DSN1,DUSP19,0.18581
DUSP19,EID2B,0.31982
DUSP19,FAM153B,-0.1061
DUXAP3,FAM115A,0.63068
EID2B,ENHO,0.07015
EID2B,FAM119A,0.37613
ENHO,PLXNA4,0.25705
ENHO,SPINT3,0.25074
ENHO,ZNF131,-0.11284
EPSTI1,FUT6,-0.08848
EPSTI1,ICA1,-0.16108
EPSTI1,ICMT,-0.15064
EPSTI1,LOC284821,-0.09299
EPSTI1,MAFF,-0.16006
EPSTI1,MCF2L2,-0.0904
EPSTI1,NBPF8,0.15265
EPSTI1,NFIL3,0.08481
EPSTI1,PGA3,0.20641
EPSTI1,SRGAP1,0.09806
EVI5L,FAM63A,-0.0797
EVI5L,IL12RB1,0.10202
EVI5L,TBC1D15,-0.18377
EVI5L,ZNF777,0.34335
FAM102A,LEF1,0.34047
FAM102A,NT5DC3,0.09066
FAM115A,FAM119A,0.14785
FAM119A,FAM175A,0.46147
FAM153B,FAM40B,0.19073
FAM153B,LOC100128460,0.26914
FAM153B,LOC644642,0.13573
FAM153B,PCDHB9,0.1063
FAM153B,PLA2G2D,0.29072
FAM175A,FAM73A,0.30677
FAM175A,KIAA0101,-0.0599
FAM175A,KIAA1751,0.48626
FAM177A1,FARSLB,0.22638
FAM177A1,ITIH5,0.14986
FAM177A1,KIAA0101,0.18233
FAM40B,FAM73A,0.21395
FAM40B,FDXACB1,0.13052
FAM40B,ICA1,0.0856
FAM40B,LOC100130053,0.33981
FAM40B,ZNF786,0.22656
FAM63A,FKBP1P1,0.14886
FAM63A,TBC1D9,0.06632
FAM73A,FARSLB,0.07966
FAM73A,FDXACB1,-0.16084
FARSLB,FKTN,0.21358
FARSLB,GABPB2,6e-05
FARSLB,GCLM,-0.07205
FCAR,FCGR3A,0.10199
FCAR,FDXACB1,-0.05914
FCAR,FKBP14,0.07278
FCAR,FKBP1P1,0.15535
FCAR,MBTD1,0.30586
FCAR,SEMA3E,0.44659
FCF1,NT5DC3,-0.16342
FCF1,RELB,-0.08346
FCF1,SLC3A2,0.08469
FCF1,TPM4,0.26887
FCGR3A,GIMAP1,0.21855
FCGR3A,PTPLAD2,0.10326
FCGR3A,STK24,0.15373
FDXACB1,GGA1,-0.02803
FDXACB1,GSDM1,0.17194
FDXACB1,KLHL28,0.10751
FGFBP2,ITK,0.30454
FHIT,FKBP14,-0.12109
FKBP14,FLJ38717,0.04625
FKBP14,FLJ46309,0.34756
FKBP14,HNRNPU,0.32428
FKBP14,ZNF131,0.16441
FKBP1P1,FUT6,0.16087
FKBP1P1,GABPB2,-0.05151
FKBP1P1,PHAX,0.15941
FKBP1P1,TLK1,0.21477
FKTN,FLJ44124,0.37362
FKTN,GIMAP1,0.0978
FLJ38717,GABPB2,0.07943
FLJ38717,GIMAP1,-0.10416
FLJ38717,GTF2IRD2B,0.06351
FLJ38717,LGALS3,-0.19208
FLJ38717,LOC100134868,0.20263
FLJ38717,NBPF8,-0.0956
FLJ38717,TPM4,-0.16138
FLJ38717,ZNF786,0.17785
FLJ40453,FLJ44124,-0.02725
FLJ40453,GIMAP1,0.06175
FLJ40453,GSR,0.39329
FLJ40453,IFT88,0.15294
FLJ40453,LOC100132620,0.24058
FLJ40453,PIGW,0.27046
FLJ44124,FLJ46309,0.08802
FLJ44124,GABPB2,0.15828
FLJ44124,KIAA0101,0.00016
FLJ44124,LOC202781,0.40276
FLJ46309,GCLM,0.10159
FLJ46309,GGA1,0.32988
FOXD4L4,FUT6,0.14284
FOXD4L4,GALNT6,0.0946
FOXD4L4,GCLM,0.26533
FUT6,MBOAT2,0.23735
FUT6,RASSF6,0.19098
FUT6,TNFSF15,0.19598
GABPB2,GJC1,0.17586
GABPB2,IL10,0.27879
GABPB2,IL18,0.35717
GALNT6,ISG20L2,0.13395
GALNT6,PCYOX1,0.23367
GALNT6,RELB,0.21717
GALNT6,ZYX,0.16805
GCLM,SLC3A2,0.1135
GDPD1,HNRNPU,0.12259
GDPD1,LOC100128126,0.17903
GDPD1,LOC100131452,0.21184
GDPD1,LOC440157,0.26927
GGA1,GNB4,0.09904
GGA1,KIAA0101,0.01133
GGA1,RRP7B,0.74041
GIMAP1,HNRPR,-0.14537
GIMAP1,IL10,0.19817
GIMAP1,IL12RB1,0.19424
GIMAP1,KCNMB4,0.10296
GIMAP1,LOC401357,-0.09742
GIMAP1,TIPRL,0.21757
GJC1,HIATL2,0.21359
GJC1,HSPC268,-0.05547
GJC1,LOC642947,0.50192
GLIPR1,GTF2IRD2B,0.08894
GLIPR1,IL32,-0.26639
GLIPR1,IMPDH1,0.20715
GLIPR1,PION,-0.09366
GLIPR1,RELB,-0.17931
GLIPR1,SORL1,0.23772
GLTSCR1,GSDM1,0.04963
GLTSCR1,IER3,0.14014
GLTSCR1,IMPDH1,0.15049
GLTSCR1,LGALS3,-0.16427
GLTSCR1,PHRF1,0.34166
GLTSCR1,PRPF8,0.26965
GLTSCR1,SNORD3D,-0.03604
GLTSCR1,SNX17,-0.09649
GLTSCR1,VHL,0.12316
GNB4,GSDM1,-0.09225
GNB4,PLEKHB2,0.22802
GSDM1,GSR,0.07329
GSDM1,GTF2IRD2B,0.06198
GSDM1,HCG2P7,-0.05876
GSDM1,HFE,0.09003
GSDM1,ICA1,0.0202
GSDM1,IL10,0.03543
GSDM1,KILLIN,0.3254
GSDM1,LGMN,-0.09386
GSDM1,PPID,0.71991
GSR,H6PD,0.11734
GSTTP2,HNRNPU,0.1046
GSTTP2,LOC123688,0.20372
GSTTP2,LOC644642,0.17454
GSTTP2,RHBDL2,0.38955
GTF2IRD2B,NFIL3,-0.17003
GTF2IRD2B,SLAMF7,-0.13815
GTF2IRD2B,SSSCA1,0.20235
H6PD,IMPACT,0.07135
H6PD,LGMN,0.20246
H6PD,LOC727773,0.34677
H6PD,LOC728054,0.31743
H6PD,TRIM16L,-0.14238
H6PD,TTC21B,0.28378
HCG2P7,HIATL2,0.32191
HCG2P7,HSPC268,0.10727
HCG2P7,KIAA0101,0.18357
HCG2P7,LOC202781,-0.20913
HCG2P7,LOC731789,-0.07834
HCG2P7,MINK1,0.07001
HIATL2,HNRNPU,0.1819
HIATL2,HSD17B7,0.57929
HIST1H2BD,IL32,-0.2209
HIST1H2BD,KIR2DL3,0.32486
HIST1H2BD,NBPF8,-0.11228
HIST1H2BD,PHF1,0.1934
HIST1H2BD,SLC35E3,0.20166
HIST1H2BD,ZNF701,0.16186
HNRNPU,HSPC268,0.1189
HNRNPU,KIAA0101,-0.18011
HNRNPU,ZNF483,0.26576
HNRPR,NBPF8,0.16017
HNRPR,PHF1,-0.13032
HNRPR,RAG1AP1,-0.09914
HNRPR,SGK3,0.28568
HNRPR,SPTLC1,-0.08008
HNRPR,TAF13,0.23573
HNRPR,TBC1D15,0.14529
HNRPR,TMBIM4,0.14625
HNRPR,WDR48,0.14809
HSBP1,ICA1,-0.11948
HSBP1,OSCAR,0.15029
HSBP1,SLC3A2,0.10842
HSBP1,SNX17,0.26576
HSBP1,STK24,-0.0991
HSBP1,TBC1D15,0.19447
HSBP1,UBE2E2,0.17535
HSBP1,ZNF845,0.22766
HSD17B7,HSPC268,0.10674
HSD17B7,IL18,0.20934
HSD17B7,KLHL28,-0.1037
HSPC268,ICMT,-0.06712
HSPC268,KCNH6,0.15433
HSPC268,KLHL28,0.10058
HSPC268,LOC100130835,0.07246
ICA1,IL10,0.03667
ICA1,MCM8,0.12612
ICA1,PNPT1,0.25628
ICA1,SLC4A5,0.29518
ICMT,IL10,-0.06047
ICMT,LOC728457,-0.08198
IER3,LGALS3,-0.08453
IER3,MAFF,0.07756
IER3,NFIL3,0.16529
IER3,PCYOX1,-0.10785
IER3,PGA3,0.18144
IER3,RELB,0.14161
IER3,SGK3,0.07135
IFT88,PHF1,0.12938
IFT88,TAF11,0.12195
IFT88,TBC1D15,0.08541
IFT88,ZNF777,-0.11438
IL10,IL18,0.16263
IL12RB1,IL18,-0.06369
IL12RB1,IMPACT,0.11004
IL12RB1,IMPDH1,0.27872
IL12RB1,MEFV,0.25534
IL12RB1,NUP107,-0.13727
IL18,ITIH5,0.14534
IL18,LOC100130053,0.18086
IL32,KCNMB4,-0.25113
IL32,LYRM7,0.06619
IL32,SORL1,0.19788
IL32,UBE2E2,0.18821
IMPACT,KIAA0101,-0.06071
IMPDH1,LGALS3,-0.08568
IMPDH1,LYRM7,-0.08752
IMPDH1,NBPF8,-0.05494
IMPDH1,PION,-0.08192
IMPDH1,SNX17,0.10734
IMPDH1,TNK2,0.19218
IMPDH1,YEATS4,-0.11453
ISG20L2,KLHL8,0.09785
ISG20L2,LOC644642,-0.12968
ISG20L2,LYRM7,0.16911
ISG20L2,MRP63,0.13511
ISG20L2,SGK3,0.13078
ISG20L2,STK24,-0.09038
ITIH5,KILLIN,0.09887
ITIH5,LOC401357,0.08103
ITK,LEF1,0.77787
ITK,SLAMF6,0.0879
JARID2,LOC728457,0.09509
JARID2,STK24,0.31396
KCNH6,KIAA0101,0.10733
KCNH6,KIAA1751,0.31243
KCNMB4,SMAP1,0.10022
KCNMB4,SORL1,0.17756
KIAA0101,KLHL8,0.11898
KIAA0101,LILRB3,0.12766
KIAA0101,LOC100132540,-0.06486
KIAA0101,MGC16703,0.19583
KIAA0101,NBPF8,-0.18006
KIAA0101,PDCD7,0.2667
KIAA1751,KILLIN,-0.06136
KIAA1751,LGALS3,9e-05
KIAA1751,LOC100128098,0.37623
KIAA1751,LOC641522,0.08897
KILLIN,LGMN,0.12372
KILLIN,LMOD3,-0.06884
KILLIN,LOC100132727,0.06726
KILLIN,LOC641522,0.46586
KLHL28,KLHL8,0.06021
KLHL28,LIN52,0.06893
KLHL28,LMOD3,0.17944
KLHL28,LOC100130835,0.24677
KLHL28,LYZ,-0.16897
KLHL8,NCAPD2,0.07171
KLHL8,POLR3A,0.21071
KLHL8,ZNF845,0.11344
LEF1,RINL,0.11394
LEMD3,LOC284821,-0.13871
LEMD3,LYRM7,0.16806
LEMD3,NFIL3,0.11327
LEMD3,SLAMF7,0.14624
LEMD3,SMC4,0.08748
LEMD3,TBC1D15,0.10115
LGALS3,LOC100128098,0.10251
LGALS3,LOC100130229,-0.17054
LGALS3,LOC643882,0.05977
LGALS3,LOC653086,0.14032
LGALS3,LOC729603,-0.09791
LGALS3,LOC730313,-0.00035
LGALS3,LYZ,0.04431
LGALS3,NCAPD2,-0.1354
LGALS3,NLRP3,-0.24883
LGALS3,PRPF8,0.18964
LGALS3,PTPLAD2,0.11704
LGALS3,YEATS4,0.18816
LGALS3,ZNF777,0.14087
LGMN,LOC100132540,0.19314
LGMN,LOC100132870,0.34379
LILRB3,LIN52,0.06447
LILRB3,LOC728105,-0.0903
LILRB3,MCM8,0.2032
LIN52,LOC728457,0.09406
LIN52,LYZ,-0.25571
LIN52,MBD4,-0.10431
LIN52,NT5DC3,0.07985
LIN52,RELB,-0.07495
LMOD3,LOC100128098,0.30521
LMOD3,LOC100128126,0.27037
LMOD3,LOC100130229,0.1338
LMOD3,STAG3L3,0.18304
LOC100128086,ZNF777,-0.1428
LOC100128098,LOC100129211,0.34429
LOC100128098,LYZ,0.16909
LOC100128126,PHAX,0.33922
LOC100128288,LOC100129211,0.27811
LOC100128288,LOC100129269,0.33953
LOC100128460,LOC100129211,0.15505
LOC100129211,LOC100129269,0.11672
LOC100129211,LOC100132585,0.30326
LOC100129269,LOC100130276,0.17427
LOC100129269,LOC100130835,0.19612
LOC100130053,LOC100131850,0.10732
LOC100130053,LOC100132727,0.19566
LOC100130229,LOC440157,0.11872
LOC100130229,LOC644852,0.09916
LOC100130229,VHL,-0.15873
LOC100130229,ZNF845,0.14145
LOC100130276,LOC100131452,0.17443
LOC100130835,LOC100132391,0.0743
LOC100130835,LOC642947,-0.08963
LOC100130835,LRRFIP1,0.10577
LOC100130835,SEMA3E,0.37103
LOC100131850,LOC100132391,0.21418
LOC100131850,PACRGL,0.30636
LOC100132391,LOC100132540,-0.05784
LOC100132391,LOC100132585,0.45784
LOC100132540,LOC100132620,0.57131
LOC100132540,LOC728903,0.07198
LOC100132585,LOC100132727,0.01863
LOC100132585,LOC100134868,0.10897
LOC100132585,LOC644852,0.20582
LOC100132585,LOC728903,0.41821
LOC100132585,LOC729439,-0.04201
LOC100132620,LOC100190938,-0.02568
LOC100132620,LOC727773,0.09449
LOC100132727,LOC100134868,0.16243
LOC100132727,LOC202781,0.09376
LOC100132727,LOC642947,0.21688
LOC100132727,LOC727773,0.07278
LOC100134868,LOC202781,0.26597
LOC100134868,LOC440157,0.17673
LOC100190938,LOC255167,0.64907
LOC123688,LOC728105,0.17587
LOC123688,MBTD1,0.20196
LOC202781,LOC255167,0.17206
LOC202781,OCIAD1,0.42127
LOC255167,LOC399900,0.31381
LOC255167,LOC642947,0.13204
LOC284821,MCM8,0.06742
LOC284821,OSCAR,0.22845
LOC399900,LOC441087,0.38741
LOC399900,LOC641522,-0.14888
LOC401357,LOC728457,0.53254
LOC401357,MAFF,-0.09986
LOC401357,NOD1,0.12128
LOC401357,TNK2,0.13494
LOC440157,LOC728105,0.18286
LOC440157,LRAP,-0.15073
LOC440157,PCDHB9,0.24807
LOC441087,LOC728903,0.29263
LOC641522,LOC643509,-0.12037
LOC641522,LOC644019,0.21155
LOC641522,LOC646996,0.06244
LOC642947,LOC643509,0.23879
LOC642947,LOC643882,0.07002
LOC642947,LOC646996,0.24492
LOC643509,LOC645895,0.51258
LOC643882,LOC644642,0.12872
LOC643882,LOC644852,0.17182
LOC643882,MGC12760,0.27512
LOC644019,LOC644852,-0.04073
LOC644019,MCF2L2,0.81403
LOC644019,SLC4A5,0.06029
LOC644642,LOC653086,0.08989
LOC644642,PHF1,-0.10313
LOC644642,PION,-0.11413
LOC644642,PTPLAD2,0.07491
LOC644642,SLC4A5,0.12596
LOC644642,STAG3L3,-0.08374
LOC644852,LOC728105,0.30557
LOC644852,LOC729439,-0.08175
LOC645895,LOC729090,0.38935
LOC645895,LOC729439,0.27194
LOC646897,LOC646996,0.0608
LOC646897,MAFF,0.222
LOC646897,SPINT3,0.24089
LOC646996,LOC653086,0.195
LOC646996,LOC728105,0.2135
LOC653086,LOC728903,0.05946
LOC653086,LOC90586,0.20853
LOC653086,LRRFIP1,-0.22483
LOC727773,LOC728054,0.1431
LOC727773,SNRNP48,0.22499
LOC728054,LOC729439,-0.06493
LOC728054,LOC730313,0.02882
LOC728054,PODXL,0.21582
LOC728054,TTC21B,0.24486
LOC728105,LOC728457,0.05065
LOC728105,LOC731789,0.17989
LOC728457,NBPF8,0.19586
LOC728457,NUP107,0.10733
LOC728457,PCYOX1,-0.07096
LOC728457,PHF1,0.0514
LOC728457,PION,0.2403
LOC728457,SORL1,-0.13106
LOC728457,STAG3L3,0.24481
LOC728457,TNK2,0.26006
LOC728903,LOC730313,0.19509
LOC728903,LRRFIP1,0.15441
LOC729090,LOC730313,0.33453
LOC729439,LOC729603,0.07988
LOC729439,MGC16703,0.32369
LOC729439,MSH3,0.45181
LOC730313,LOC90586,0.48393
LOC730313,LRAP,0.39508
LOC731789,LOC90586,0.07626
LOC731789,MGC12760,0.1335
LOC731789,PCDHB9,0.12851
LOC731789,SMCR5,0.20686
LOC90586,LOC93349,-0.07131
LOC90586,MBD4,0.32943
LOC90586,MCM8,0.03418
LRAP,LRRFIP1,0.36477
LRRFIP1,MAFF,0.07011
LYRM7,SNORD114-7,-0.12924
LYRM7,SORL1,0.13463
LYRM7,TIPRL,0.18405
LYRM7,TRIM56,0.15723
LYRM7,YEATS4,0.14034
LYZ,MAFF,-0.1068
LYZ,NBPF8,0.04676
LYZ,PHF1,0.05867
LYZ,SNRNP48,-0.13409
MAFF,MBOAT2,0.11469
MAFF,PHAX,0.1532
MAFF,PHF1,0.15581
MAFF,RASSF6,0.19566
MAFF,SORL1,-0.13778
MAFF,ZNF131,-0.13843
MBD4,MBOAT2,0.09529
MBD4,MCF2L2,-0.08235
MBD4,MFSD11,0.39478
MBOAT2,MGC12760,0.17613
MBOAT2,PACRGL,0.26592
MBTD1,PHAX,0.15919
MCF2L2,MEFV,0.04625
MCF2L2,NDUFC2,0.0539
MCF2L2,RELB,0.08003
MCF2L2,TTC21B,-0.10487
MCM8,NBPF8,0.08573
MCM8,NLRP3,0.1058
MCM8,PDE4C,0.54505
MCM8,TLK1,-0.09195
MDM1,OSCAR,0.14099
MFSD11,MGC16703,0.107
MFSD11,MTMR12,-0.24456
MFSD11,PCYOX1,0.20353
MFSD11,TLK1,0.22526
MGC12760,SPC24,0.2267
MGC16703,MSH3,0.24257
MINK1,TMEM106A,0.19912
MINK1,ZNF786,-0.16843
MRP63,POLR3A,0.13025
MSH3,OCIAD1,0.04822
MSH3,PDCD7,0.20111
MSH3,PHAX,-0.03425
MSH3,RN7SL1,0.31739
MT1G,UBE2E2,-0.21631
MTPAP,NDUFC2,0.23118
MTPAP,PODXL,0.2272
NBPF8,OCIAD1,0.17196
NBPF8,PTPLAD2,0.19308
NBPF8,SNX17,-0.19791
NBPF8,STK24,-0.19135
NCAPD2,NLRP3,0.10678
NCAPD2,SNORD3D,-0.045
NDUFC2,NDUFV3,0.13243
NDUFV3,OCIAD1,-0.08929
NDUFV3,PRIM2,0.13744
NDUFV3,PTPLAD2,0.10055
NDUFV3,TNFSF14,0.06339
NFIL3,TBC1D9,0.22545
NFIL3,TNFSF15,-0.06942
NFIL3,TPM4,-0.15508
NFIL3,WNT5A,0.28049
NFIL3,ZHX2,0.19989
NLRP3,OCIAD1,-0.09328
NLRP3,POLR3A,-0.11469
NLRP3,SLC3A2,-0.07323
NLRP3,SNORD3D,-0.04888
NLRP3,TAF11,-0.08351
NLRP3,TMEM106A,0.11265
NLRP3,TNFSF14,-0.16916
NOD1,PACRGL,-0.07534
NOD1,PHF1,0.21277
NOD1,SSSCA1,0.28865
NOD1,TMEM106A,-0.22199
NOD1,TNK2,0.14147
NT5DC3,TNFRSF10B,0.12158
NT5DC3,WDR74,-0.17142
NUP107,PION,0.15648
NUP107,SMC4,0.27491
NUP107,SPTLC1,-0.05791
NUP107,SSSCA1,-0.16882
NUP107,UBE2E2,0.09973
NUP107,WDR48,0.12357
OCIAD1,PCDHB9,0.15246
OCIAD1,PDCD7,0.13036
OCIAD1,PDE4C,0.08904
OSCAR,RELB,0.11475
OSCAR,ZYX,0.20639
PCDHB9,PLA2G2D,0.26836
PCDHB9,PLEKHB2,-0.04845
PCDHB9,RN7SL1,-0.06177
PCYOX1,PLEKHB2,0.14322
PCYOX1,TBC1D15,0.082
PDCD7,RN7SL1,0.35424
PDE4C,PION,0.05687
PDE4C,PIP5K2B,0.11955
PGA3,WNT5A,0.19311
PHAX,PPM1K,0.19826
PHAX,RASSF6,0.05978
PHAX,TNFSF15,0.256
PHF1,RELB,0.23372
PHF1,SLC3A2,0.27855
PHF1,SMC4,0.17079
PHF1,TPM4,-0.1496
PHF1,UBE2E2,-0.1123
PHF1,ZNF777,-0.10763
PHRF1,TIPRL,-0.27797
PHRF1,TNK2,0.20117
PHRF1,VHL,0.01467
PHRF1,ZNF777,0.16033
PION,RAB27A,-0.13704
PION,SLC3A2,-0.19112
PION,ZYX,-0.17278
PIP5K2B,PLIN5,0.13661
PIP5K2B,PNPT1,0.09201
PIP5K2B,PPA2,0.54271
PLA2G2D,PLIN5,0.22216
PLA2G2D,PLXNA4,0.20694
PLA2G2D,SMCR5,0.22215
PLEKHB2,PLIN5,0.23752
PLEKHB2,PNPT1,0.1223
PLEKHB2,POFUT1,0.31153
PLEKHB2,PPA2,-0.19132
PLEKHB2,QRFPR,0.3447
PLEKHB2,SMCR5,-0.14746
PNPT1,PRPF8,-0.13381
PNPT1,RPL7L1,0.34556
PNPT1,TMEM106A,0.27268
PODXL,POLR3A,-0.09589
POFUT1,PPA2,0.40171
PPA2,PRO1853,0.13111
PPA2,PTPLAD2,0.08438
PPA2,SLC4A5,0.10253
PPA2,ZNF786,0.29959
PPFIBP1,PPID,0.08562
PPFIBP1,PPIL3,0.15191
PPID,PRIM2,4e-05
PPID,RUNDC2B,-0.03179
PPIL3,RUNDC2B,0.30887
PPIL3,SEMA3E,0.04001
PPIL3,TAF11,0.27184
PPM1K,PRO1853,0.17393
PPM1K,QRFPR,0.19165
PPM1K,SGK3,-0.14895
PRIM2,PTPLAD2,0.09176
PRIM2,SLC30A6,0.04955
PRIM2,SNHG10,0.41695
PRIM2,TIPRL,0.02519
PRIM2,ZNF266,0.57156
PRO1853,QRFPR,0.17582
PRPF8,SC4MOL,0.1012
PRPF8,THRA,0.09661
PRPF8,TMBIM4,-0.10546
PRPF8,TPM4,-0.1234
PRPF8,ZNF131,0.1102
PTPLAD2,QRFPR,0.12595
PTPLAD2,RAB27A,-0.09296
PTPLAD2,RAB3IP,-0.12244
PTPLAD2,RPL7L1,0.06752
PTPLAD2,SORL1,0.09039
PTPLAD2,SPTLC1,0.12773
PTPLAD2,STAG3L3,-0.08013
PTPLAD2,VPS41,0.22436
QRFPR,RAB27A,0.09931
QRFPR,RAG1AP1,0.17461
QRFPR,RHBDL2,0.1533
RAB27A,SEMA3E,0.21398
RAB3IP,SGK3,0.13076
RAB3IP,SLAMF7,0.14882
RAG1AP1,SORL1,-0.13162
RASSF6,RHBDL2,0.09304
RASSF6,TNFSF15,0.20142
RELB,SMC4,-0.10502
RELB,TMBIM4,-0.03834
RELB,YEATS4,-0.09848
RELB,ZHX2,0.11744
RELB,ZNF763,0.13064
RHBDL2,RPL7L1,0.02849
RHBDL2,SMCR5,0.24049
RN7SL1,RPL7L1,0.15431
RN7SL1,RRP7B,0.18945
RN7SL1,SLC4A5,-0.08989
RPL7L1,SLC4A5,0.19732
RPL7L1,TBCCD1,0.08568
RRP7B,RSU1,0.06986
RRP7B,SGK3,0.06891
RSU1,SEMA3E,0.03379
RUNDC2B,SC4MOL,0.13127
RUNDC2B,SLC4A5,-0.0827
SC4MOL,SLC30A6,0.19094
SC4MOL,YEATS4,-0.12925
SEMA3E,TDRD1,0.29628
SEMA3E,TNFSF15,0.20993
SEMA3E,XRCC2,0.17008
SEMA3E,ZNF430,-0.07549
SGK3,SLC35E3,0.05289
SGK3,SLC3A2,0.15185
SGK3,TPM4,0.22285
SGK3,ZNF652,0.20904
SLAMF6,SLC35E3,0.09834
SLAMF6,TNK2,-0.09085
SLAMF7,SLC35E3,0.23044
SLAMF7,ZNF131,0.11247
SLAMF7,ZNF845,-0.15294
SLC30A6,TBCCD1,0.24844
SLC30A6,TDRD1,0.09301
SLC35E3,SNX17,-0.05863
SLC35E3,SPINK1,0.15059
SLC35E3,STK24,0.13916
SLC35E3,TBC1D15,0.18001
SLC35E3,TLK1,0.11086
SLC3A2,SMC4,-0.14627
SLC3A2,SPINK1,0.17121
SLC3A2,THRA,0.16358
SLC3A2,WNT5A,0.17075
SLC3A2,ZNF777,0.17054
SLC4A5,SMCR5,0.11199
SLC4A5,SPC24,0.20368
SLC4A5,TNFSF14,0.13898
SLC4A5,YEATS4,-0.1729
SMAP1,STK24,0.20468
SMAP1,TNFSF14,-0.15745
SMC4,SNX17,-0.03458
SMC4,SORL1,0.1056
SMC4,TBC1D15,0.17123
SMC4,TLK1,0.17124
SMC4,TMBIM4,0.12771
SMC4,VHL,0.10639
SMCR5,STAG3L3,0.09534
SMCR5,YEATS4,0.10347
SMCR5,ZNF669,0.22733
SMCR5,ZNF786,0.2626
SNHG10,SNORD114-7,0.0469
SNHG10,SNX15,0.0994
SNHG10,TP53BP2,0.33985
SNORD114-7,SPINT3,-0.15507
SNORD114-7,ZNF131,0.2791
SNORD3A,SNORD3C,0.68105
SNORD3A,SNORD3D,0.693
SNORD3C,TBC1D9,-0.05321
SNORD3D,SNX17,-0.02815
SNORD3D,TMBIM4,-0.03987
SNRNP48,SPTLC1,-0.07478
SNRNP48,TMEM159,0.19008
SNRNP48,TPM3,0.19379
SNRNP48,TRIM34,0.1211
SNRNP48,ZNF266,0.43013
SNX15,SNX17,0.07628
SNX15,SPTLC1,-0.16577
SNX15,SSSCA1,0.17996
SNX15,TBCCD1,0.06445
SNX17,TBC1D9,-0.13436
SNX17,ZNF777,0.17157
SNX17,ZYX,0.28769
SORL1,SPINK1,-0.19887
SORL1,TNK2,0.18984
SORL1,ZNF763,0.11828
SPC24,SPINT3,0.14654
SPC24,STK24,-0.07378
SPTLC1,SULT1A1,0.18709
SPTLC1,TMEM106A,0.08002
SPTLC1,USP49,0.45803
STAG3L3,TNK2,0.13915
STAG3L3,TRIM56,0.18955
STAG3L3,VHL,0.10486
STAG3L3,ZNF845,-0.11948
STK24,TMBIM4,0.2135
STK24,UTP20,-0.13974
SULT1A1,ZNF430,0.35688
TAF13,TPM4,0.0852
TBC1D15,TMBIM4,0.20913
TBC1D15,YEATS4,0.11695
TBC1D9,TNFSF14,0.03742
TBC1D9,TNK2,-0.12484
TBC1D9,YEATS4,0.24488
TBCCD1,TMEM159,0.33825
TDRD1,TMEM17,0.18651
TLK1,TP53BP2,0.07191
TLK1,YEATS4,0.17544
TLK1,ZNF131,-0.14685
TMEM106A,TMEM17,0.08448
TMEM106A,YEATS4,-0.12167
TMEM128,TMEM159,0.26413
TMEM159,TMEM17,-0.06581
TMEM159,USP49,0.00012
TMEM17,TNFRSF10B,-0.04831
TMEM17,TNFSF15,0.07461
TMEM17,TP53BP2,-0.03776
TMEM17,WNT5A,0.10612
TNFSF14,TNFSF15,0.12097
TNFSF14,VPS41,0.26191
TNFSF15,TNK2,0.08168
TNFSF15,WNT5A,-0.10903
TNFSF15,ZNF266,0.02619
TNFSF15,ZNF738,-0.11452
TNK2,TRIM56,0.11394
TNK2,ZYX,0.14644
TP53BP2,TPM4,-0.05922
TP53BP2,TRIM16L,0.30105
TP53BP2,TTC21B,-0.05863
TP53BP2,YEATS4,0.11896
TPM3,TRIM16L,0.10825
TPM3,TTC21B,0.27642
TPM4,UBE2E2,0.19654
TPM4,VHL,0.23365
TPM4,ZNF701,0.15322
TRIM16L,TRIM34,0.30987
TRIM34,VHL,-0.15028
TRIM34,ZNF266,0.18921
TTC21B,USP49,-0.04811
TTC21B,UTP20,0.16555
UBE2E2,USP49,-0.07102
USP49,UTP20,-0.0445
USP49,VPS41,0.18771
USP49,WDR74,0.11012
USP49,YRDC,0.12567
USP49,ZNF738,0.37168
UTP20,ZC3HAV1L,0.18361
VHL,ZC3HAV1L,-0.09568
VPS41,WDR74,0.12497
VPS41,ZNF430,0.03383
VPS41,ZNF765,0.09751
WDR74,XRCC2,0.06516
XRCC2,YRDC,0.27438
XRCC2,ZMAT3,0.04484
XRCC2,ZNF483,0.41474
YRDC,ZC3HAV1L,-0.17883
YRDC,ZNF14,0.2941
ZC3HAV1L,ZNF43,0.3267
ZC3HAV1L,ZNF682,0.13912
ZMAT3,ZNF394,0.73724
ZNF14,ZNF394,0.06883
ZNF14,ZNF682,0.46414
ZNF266,ZNF394,-0.02544
ZNF266,ZNF43,0.14341
ZNF266,ZNF483,0.0555
ZNF394,ZNF430,0.05949
ZNF394,ZNF69,0.19018
ZNF394,ZNF786,-0.09233
ZNF430,ZNF557,0.1098
ZNF430,ZNF652,0.25011
ZNF430,ZNF738,0.17293
ZNF430,ZNF786,0.17019
ZNF483,ZNF557,0.13489
ZNF483,ZNF669,0.14724
ZNF483,ZNF69,0.29446
ZNF557,ZNF682,0.08696
ZNF652,ZNF682,0.09421
ZNF652,ZNF845,0.199
ZNF669,ZNF738,0.13309
ZNF682,ZNF69,0.07956
ZNF69,ZNF738,0.08701
ZNF69,ZNF765,-0.08075
ZNF69,ZNF845,-0.07943
ZNF701,ZNF738,0.10795
ZNF701,ZNF845,0.18192
ZNF763,ZNF845,0.20114
